review_text,rating
"This product exceeded my expectations! The quality is outstanding and it arrived quickly. Highly recommend to anyone looking for a reliable solution.",5
"Terrible experience. The item broke after just two days of use. Customer service was unhelpful. Do not waste your money on this.",1
"Good value for the price. Works as described, though the build quality could be better. Overall satisfied with my purchase.",4
"Amazing! This is exactly what I needed. The features are intuitive and it's very easy to use. Best purchase I've made this year.",5
"Average product. Nothing special but gets the job done. Shipping took longer than expected but the item itself is okay.",3
"Absolutely love it! The design is sleek and modern. Performance is excellent. Worth every penny. Will definitely buy again.",5
"Disappointed with the quality. The material feels cheap and flimsy. Expected much better for this price point.",2
"Works perfectly! Easy to set up and use. The instructions were clear. Great product for beginners and professionals alike.",5
"Not bad, but not great either. It does what it's supposed to do, but I've seen better options for similar prices.",3
"Fantastic product with excellent customer support. Had a small issue and they resolved it immediately. Very impressed.",5
"The worst purchase I've ever made. Stopped working after a week. Tried to return it but the process was a nightmare.",1
"Pretty good overall. The functionality is solid, though I wish it had a few more features. Still happy with it though.",4
"Exceptional quality and performance. This product is a game-changer. Can't imagine going back to my old setup now.",5
"Mediocre at best. The description online doesn't match the actual product. Feels misleading. Not satisfied.",2
"Great find! This has made my daily routine so much easier. Highly efficient and durable. Recommend to everyone.",5
"Okay product but overpriced. You can find similar items for half the cost elsewhere. Not worth the premium.",3
"Love the convenience this brings. Setup was a breeze and it works flawlessly. One of my favorite purchases.",5
"Poor quality control. Arrived with defects and scratches. Had to go through a lengthy return process. Very frustrating.",1
"Decent product for the money. Does the basic functions well. Don't expect premium features but it's reliable.",4
"Outstanding in every way! The attention to detail is remarkable. This company really cares about their customers.",5
"Not recommended. Battery life is terrible and it's very slow. Should have read more reviews before buying.",2
"Works great so far. Been using it for a month with no issues. Simple design that gets the job done efficiently.",4
"Incredible value! Can't believe how affordable this is given the quality. Best bargain I've found in a long time.",5
"Waste of money. Stopped functioning properly after just a few uses. Quality is abysmal. Very disappointed.",1
"Nice product with good features. A few minor quirks but nothing major. Would purchase again if needed.",4
"Brilliant! Exactly as advertised. The performance exceeds expectations. Super happy with this investment.",5
"Subpar quality. The pictures online look much better than the actual product. Feel deceived by the marketing.",2
"Solid choice for everyday use. Reliable and consistent performance. No complaints so far after several weeks.",4
"Perfect! This solves all my problems. Wish I had discovered it sooner. Absolutely essential in my opinion.",5
"Barely functional. Had so many issues from day one. Customer service is non-existent. Avoid at all costs.",1
"Good enough for basic needs. Not fancy but practical. Does exactly what I need without any complications.",3
"Superb craftsmanship! You can tell this was made with care. Every detail is perfect. Highly satisfied.",5
"Unreliable and inconsistent. Sometimes it works, sometimes it doesn't. Can't depend on it for important tasks.",2
"Very pleased with this purchase. Easy to use and maintain. Great for both personal and professional use.",4
"Phenomenal! Best product in its category. Revolutionary features that actually work. Worth every single cent.",5
"Not durable at all. Started falling apart within days. Cheap materials used. Expected much better quality.",1
"Acceptable performance. Gets the job done but nothing to write home about. Average in every aspect.",3
"Wonderful experience from start to finish. Product quality is top-notch. Delivery was fast and packaging secure.",5
"Disappointing purchase. Doesn't live up to the hype at all. Many features don't work as advertised.",2
"Reliable and efficient. Has become an essential part of my daily workflow. Very happy I made this choice.",4
"Absolutely perfect! Couldn't ask for anything better. This is the gold standard in its category. Flawless.",5
"Defective product. Arrived broken and getting a replacement was extremely difficult. Poor customer service.",1
"Fair product for the cost. Has some limitations but overall functional. Meets basic expectations adequately.",3
"Love everything about it! From the packaging to the performance, everything is first-class. Highly recommend.",5
"Cheap quality and poor design. Regret buying this. Should have invested in a better brand from the start.",2
"Good purchase overall. Serves its purpose well. Nothing extraordinary but certainly not bad either.",4
"Extraordinary! This has transformed how I work. Cannot imagine being without it now. True innovation here.",5
"Complete disappointment. Nothing works as promised. Feel like I threw my money away. Totally unsatisfied.",1
"Decent for the price range. Has its pros and cons. If you're on a budget, this might work for you.",3
"Simply amazing! Best quality I've encountered. Every feature is well-designed. Couldn't be happier.",5
"Broke immediately upon first use. Clearly poor quality control. Would give zero stars if I could.",1